,dataset,model,accuracy,cohen kappa,time,memory,drifts
0,SensorStream,BOLE_KSWIN1_F,0.4272007142979419,0.4154537282184174,09:35:40,7.93 MB,[]
1,SensorStream,BOLE_KSWIN51_F,0.4069799919091883,0.39488123127324976,12:56:04,447.48 KB,[]
2,SensorStream,BOLE_KSWIN101_F,0.41843867155719294,0.4066038943831296,13:19:02,1.68 MB,[]
3,SensorStream,BOLE_KSWIN151_F,0.42524468398532844,0.41356834736301895,12:01:57,3.81 MB,[]
4,SensorStream,BOLE_KSWIN201_F,0.4190306162441515,0.40706042691117156,10:37:19,1.52 MB,[]
