,dataset,model,accuracy,cohen kappa,time,memory,drifts
0,SensorStream,BOLE_KSWIN1_F,0.41751876969207163,0.4056290432226174,09:16:49,1.43 MB,[]
1,SensorStream,BOLE_KSWIN51_F,0.425593363732441,0.41396018530870826,11:16:08,6.33 MB,[]
2,SensorStream,BOLE_KSWIN101_F,0.4348955447377739,0.4234423278622316,13:42:58,428.37 KB,[]
3,SensorStream,BOLE_KSWIN151_F,0.4138143852469725,0.4017925771709628,12:38:13,5.3 MB,[]
4,SensorStream,BOLE_KSWIN201_F,0.3894725745809761,0.3769551359139221,11:25:07,1.37 MB,[]
