,dataset,model,accuracy,cohen kappa,time,memory,drifts
0,SensorStream,BOLE_KSWIN1_F,0.4252050408099461,0.41336030392421086,11:00:43,1.14 MB,[]
1,SensorStream,BOLE_KSWIN51_F,0.4044130963031838,0.39219700545494107,10:40:33,1.69 MB,[]
2,SensorStream,BOLE_KSWIN101_F,0.4093351569194009,0.39730605622145015,08:51:16,897.62 KB,[]
3,SensorStream,BOLE_KSWIN151_F,0.4261425118096118,0.414394792322019,08:43:58,1.34 MB,[]
4,SensorStream,BOLE_KSWIN201_F,0.4160853085094977,0.40417124919295405,11:18:44,447.13 KB,[]
