,dataset,model,accuracy,cohen kappa,time,memory,drifts
0,SensorStream,BOLE_KSWIN1_F,0.4412240370988043,0.42986095720579665,09:25:10,3.71 MB,[]
1,SensorStream,BOLE_KSWIN51_F,0.40527083046145557,0.39298384748753273,12:23:18,420.43 KB,[]
2,SensorStream,BOLE_KSWIN101_F,0.42912115585083715,0.41743797032294316,13:35:05,903.6 KB,[]
3,SensorStream,BOLE_KSWIN151_F,0.40301702584284543,0.3906617565198326,12:04:59,9.61 MB,[]
4,SensorStream,BOLE_KSWIN201_F,0.4203591131100882,0.40824282312682125,10:40:41,3.53 MB,[]
