,dataset,model,accuracy,cohen kappa,time,memory,drifts
0,Covertype,BOLE_KSWIN1_F,0.9312801306687826,0.8893312997110266,01:22:09,2.44 MB,[]
1,Covertype,BOLE_KSWIN51_F,0.9312938997712608,0.8893935310752492,01:00:25,3.18 MB,[]
2,Covertype,BOLE_KSWIN101_F,0.9306519153682116,0.8883156792036958,01:00:15,2.44 MB,[]
3,Covertype,BOLE_KSWIN151_F,0.9307723950148965,0.8885214390243165,00:59:11,2.95 MB,[]
4,Covertype,BOLE_KSWIN201_F,0.9308601730431953,0.8886434392445905,01:35:25,2.64 MB,[]
