,dataset,model,accuracy,cohen kappa,time,memory,drifts
0,Covertype,BOLE_KSWIN1_F,0.9312646404284944,0.8892956148746496,01:20:01,2.35 MB,[]
1,Covertype,BOLE_KSWIN51_F,0.9306880592622171,0.8883833860826595,01:04:52,2.37 MB,[]
2,Covertype,BOLE_KSWIN101_F,0.9306932226756465,0.8883942261250048,01:00:50,2.74 MB,[]
3,Covertype,BOLE_KSWIN151_F,0.9310873632340868,0.8890175476995241,00:58:35,2.5 MB,[]
4,Covertype,BOLE_KSWIN201_F,0.930657078781641,0.8883408197434176,01:09:25,2.11 MB,[]
