,dataset,model,accuracy,cohen kappa,time,memory,drifts
0,Covertype,BOLE_KSWIN1_F,0.9311751412623858,0.8891829142492702,01:37:59,2.73 MB,[]
1,Covertype,BOLE_KSWIN51_F,0.9308670575944346,0.8886698801516422,01:33:34,2.79 MB,[]
2,Covertype,BOLE_KSWIN101_F,0.9307930486686139,0.8885454796360069,01:48:49,2.91 MB,[]
3,Covertype,BOLE_KSWIN151_F,0.9308274714248095,0.8885958786538157,01:56:20,2.2 MB,[]
4,Covertype,BOLE_KSWIN201_F,0.9307534624989888,0.8885084326177163,01:56:49,2.41 MB,[]
