,dataset,model,accuracy,cohen kappa,time,memory,drifts
0,Covertype,BOLE_KSWIN1_F,0.9310563827535107,0.8889943185289815,01:03:45,2.5 MB,[]
1,Covertype,BOLE_KSWIN51_F,0.9310340079619835,0.8889284078624448,01:48:29,2.58 MB,[]
2,Covertype,BOLE_KSWIN101_F,0.930481522725043,0.8880659047880395,02:11:13,2.35 MB,[]
3,Covertype,BOLE_KSWIN151_F,0.9313403704921249,0.8894377878113034,02:58:10,2.31 MB,[]
4,Covertype,BOLE_KSWIN201_F,0.930997864067978,0.8888835240512946,01:54:50,2.66 MB,[]
